EmployeeNumber,MonthlyIncome,JobSatisfaction,EnvironmentSatisfaction,PerformanceRating,TotalWorkingYears,YearsAtCompany,OverTime,PercentSalaryHike,RelationshipSatisfaction,WorkLifeBalance
1,5993,4,2,3,8,6,Yes,11,1,1
2,5130,2,3,4,10,10,No,23,4,3
4,2090,3,4,3,7,0,Yes,15,2,3
5,2909,3,4,3,8,8,Yes,11,3,3
7,3468,2,1,3,6,2,No,12,4,3
8,3068,4,4,3,8,7,No,13,3,2
10,2670,1,3,4,12,1,Yes,20,1,2
11,2693,3,4,4,1,1,No,22,2,3
12,9526,3,4,4,10,9,No,21,2,3
13,5237,3,3,3,17,7,No,13,2,2
14,2426,2,1,3,6,5,No,13,3,3
15,4193,3,4,3,10,9,Yes,12,4,3
16,2911,3,1,3,5,5,No,17,4,2
18,2661,4,2,3,3,2,No,11,3,3
19,2028,3,3,3,6,4,Yes,14,2,3
20,9980,1,2,3,10,10,No,11,3,3
21,3298,2,1,3,7,6,Yes,12,4,2
22,2935,4,4,3,1,1,Yes,13,2,2
23,15427,4,1,3,31,25,No,16,3,3
24,3944,4,4,3,6,3,Yes,11,3,3
26,4011,3,1,3,5,4,No,18,4,2
27,3407,1,3,4,10,5,No,23,2,3
28,11994,2,1,3,13,12,No,11,3,3
30,1232,4,3,3,0,0,No,14,4,3
31,2960,1,2,3,8,4,No,11,3,3
32,19094,3,3,3,26,14,No,11,4,2
33,3919,1,2,4,10,10,Yes,22,2,3
35,6825,2,3,3,10,9,No,11,4,3
36,10248,4,1,3,24,22,No,14,4,3
38,18947,1,2,3,22,2,No,12,4,2
39,2496,4,3,3,7,1,No,11,4,3
40,6465,4,4,3,9,4,Yes,13,4,4
41,2206,3,4,3,10,10,No,13,1,3
42,2086,4,4,3,19,1,No,14,3,4
45,2293,4,2,3,6,2,Yes,16,1,2
46,2645,3,4,3,6,5,No,12,4,2
47,2683,3,1,3,3,3,Yes,14,3,3
49,2014,4,4,3,2,2,No,13,1,3
51,3419,1,2,3,6,1,Yes,14,4,4
52,5376,1,3,3,10,5,No,19,1,3
53,1951,4,3,3,1,1,No,12,3,3
54,2341,1,4,3,1,1,No,13,4,3
55,2293,3,1,3,1,1,No,12,3,2
56,8726,3,4,3,9,9,No,15,4,3
57,4011,4,3,4,12,12,No,23,4,3
58,19545,3,2,3,23,22,No,12,4,3
60,4568,3,2,4,10,9,No,20,3,3
61,3022,2,2,4,8,1,No,21,1,3
62,5772,4,1,4,14,9,Yes,21,3,3
63,2269,4,4,3,1,1,No,19,4,3
64,5381,3,1,3,23,1,Yes,13,4,3
65,3441,3,3,3,2,2,Yes,13,3,2
68,5454,1,2,4,9,4,Yes,21,3,2
70,9884,1,3,3,10,4,Yes,13,3,3
72,4157,4,3,3,5,2,Yes,19,3,2
73,13458,4,1,3,15,15,Yes,12,3,3
74,9069,1,2,4,9,9,No,22,4,2
75,4014,1,3,3,4,2,Yes,15,3,3
76,5915,4,4,4,10,7,No,22,4,2
77,5993,3,1,3,7,7,No,18,3,4
78,6162,4,1,4,9,9,Yes,22,2,3
79,2406,4,4,3,10,10,No,11,4,3
80,18740,3,2,3,29,27,Yes,12,4,2
81,7637,1,1,3,28,21,No,11,4,2
83,10096,3,3,3,17,17,No,13,2,3
84,14756,3,4,3,21,5,Yes,14,3,3
85,6499,2,2,3,6,6,No,13,3,3
86,9724,1,2,3,25,1,No,17,3,3
88,2194,1,2,3,5,3,No,13,4,2
90,3388,3,4,3,2,1,Yes,17,1,2
91,5473,3,1,3,20,4,No,11,4,2
94,2703,2,3,4,6,5,No,23,4,3
95,2501,2,3,3,1,1,No,17,2,3
96,6220,2,2,3,10,10,No,17,2,3
97,3038,4,2,3,5,1,No,12,2,3
98,4424,4,3,4,11,11,No,23,4,3
100,4312,1,3,3,16,15,No,14,2,3
101,13245,1,4,3,17,0,Yes,14,2,4
102,13664,3,1,3,16,5,No,13,1,4
103,5021,2,2,4,16,4,Yes,22,4,3
104,5126,4,4,3,10,10,Yes,12,3,2
105,2859,3,2,3,6,6,No,18,1,3
106,10239,4,1,3,24,1,No,14,4,3
107,5329,4,2,3,17,13,Yes,12,4,3
110,4325,2,1,3,5,5,No,15,3,3
112,7260,4,4,3,37,6,No,11,1,2
113,2322,1,3,3,3,0,No,13,3,3
116,2075,4,4,4,10,4,No,23,2,3
117,4152,4,3,3,11,11,No,19,1,3
118,9619,4,3,3,9,9,No,16,4,3
119,13503,2,3,4,22,22,No,22,4,2
120,5441,4,3,4,11,10,Yes,22,4,1
121,5209,2,3,3,11,11,Yes,12,2,2
124,10673,1,3,3,21,10,Yes,13,3,2
125,5010,3,2,3,12,11,No,16,1,3
126,13549,3,1,3,16,4,No,12,1,1
128,4999,3,1,4,4,3,No,21,1,2
129,4221,3,2,3,5,5,No,15,2,4
131,13872,3,4,3,38,37,No,13,3,2
132,2042,2,2,3,17,3,No,12,3,4
133,2073,1,3,4,7,3,Yes,22,4,3
134,2956,1,4,3,1,1,No,13,4,3
137,2926,4,4,3,1,1,Yes,18,2,3
138,4809,3,1,3,16,16,No,14,3,3
139,5163,4,3,3,17,1,No,14,4,4
140,18844,4,3,4,30,3,No,21,4,3
141,18172,2,1,3,28,8,Yes,19,1,2
142,5744,3,3,3,6,6,Yes,11,4,3
143,2889,4,4,3,2,2,No,11,3,3
144,2871,4,2,3,1,0,No,15,3,3
145,7484,1,1,4,23,13,No,20,3,2
147,6074,3,1,4,9,9,Yes,24,4,3
148,17328,4,4,3,23,5,Yes,12,3,3
150,2774,3,2,3,6,5,No,12,3,3
151,4505,2,3,3,12,1,No,15,3,3
152,7428,4,3,3,12,5,No,12,1,3
153,11631,1,3,3,14,11,No,12,4,3
154,9738,4,2,3,10,9,No,14,3,3
155,2835,4,1,4,7,1,No,22,1,3
158,16959,4,3,3,25,25,Yes,12,4,4
159,2613,3,1,4,10,10,No,25,3,2
160,6146,2,3,3,8,7,No,13,1,4
161,4963,2,2,3,7,5,Yes,18,1,3
162,19537,3,1,3,23,20,No,13,3,3
163,6172,3,2,3,12,7,Yes,18,2,2
164,2368,2,3,3,5,5,No,19,3,2
165,10312,4,4,3,40,40,No,12,4,2
167,1675,3,4,3,0,0,Yes,19,4,2
169,2523,4,3,3,3,2,No,14,3,3
170,6567,1,3,3,16,15,No,14,3,2
171,4739,3,2,3,18,3,No,12,4,3
174,9208,4,3,3,16,2,No,11,4,3
175,4559,3,2,3,4,2,Yes,11,3,3
176,8189,3,3,3,12,9,Yes,13,3,3
177,2942,3,3,4,8,8,No,23,4,3
178,4941,2,2,4,7,3,No,20,4,3
179,10650,4,1,3,18,4,No,15,4,3
182,5902,3,4,3,17,15,No,14,3,4
183,8639,3,1,3,6,2,No,18,4,3
184,6347,4,3,3,12,11,Yes,19,4,1
190,4200,1,1,4,10,5,No,22,1,4
192,3452,4,3,3,9,6,No,13,2,2
193,4317,3,4,4,19,3,Yes,20,2,3
194,2632,3,1,3,5,5,No,14,3,2
195,4668,4,4,3,9,8,No,17,4,4
197,3204,1,4,3,8,3,No,14,4,3
198,2720,4,2,3,6,5,No,13,4,3
199,17181,1,4,3,21,7,No,13,2,2
200,2238,1,3,4,7,5,No,21,4,3
201,1483,2,2,3,1,1,No,14,4,3
202,5605,2,2,3,20,20,No,11,1,3
204,7295,2,3,3,10,10,No,13,1,3
205,2306,3,2,4,13,7,Yes,20,4,1
206,2348,2,2,3,20,17,No,18,3,1
207,8998,4,2,3,9,9,No,14,4,3
208,4319,3,4,3,10,10,No,13,1,3
211,6132,3,2,3,10,1,No,17,3,3
214,3346,2,2,4,9,1,Yes,20,2,2
215,10855,4,3,3,15,12,No,11,1,2
216,2231,3,3,3,6,4,No,18,4,3
217,2323,4,3,4,2,2,No,24,1,3
218,2024,2,4,3,6,2,No,18,4,1
221,2713,4,3,3,5,5,No,11,3,1
223,9439,4,3,3,12,5,Yes,16,2,1
224,2566,3,3,3,1,1,Yes,15,4,2
226,19926,2,3,3,21,5,No,15,2,3
227,2451,3,1,3,13,9,No,12,1,3
228,9419,4,2,3,12,10,No,12,3,3
230,8686,4,1,4,12,8,No,22,3,4
231,3038,3,3,4,8,5,No,20,1,3
233,3058,2,3,3,6,5,Yes,16,4,2
235,2325,1,3,4,1,0,No,21,1,4
238,2088,2,4,3,13,8,No,12,3,2
239,3072,1,3,3,12,12,No,11,3,3
240,5006,1,3,3,9,5,Yes,11,1,4
241,4257,1,3,3,19,2,Yes,18,3,3
242,2500,4,3,3,4,3,No,14,1,4
243,1102,4,2,4,1,1,No,22,3,2
244,10453,1,2,4,24,24,No,25,3,3
245,2288,4,3,3,2,2,No,12,3,3
246,3929,4,3,4,7,4,Yes,23,3,3
247,2311,2,4,3,9,3,No,15,4,3
248,3140,2,2,4,4,4,Yes,22,4,2
249,3690,3,3,3,5,3,No,15,4,2
250,4450,1,4,3,5,4,No,11,3,3
252,2756,2,4,3,8,8,No,13,4,3
253,19033,3,4,3,21,20,No,14,2,3
254,18722,2,3,3,36,24,No,11,4,3
256,9547,3,4,3,10,10,No,17,3,2
258,13734,2,4,3,21,7,No,18,3,3
259,19999,3,3,3,34,33,No,14,1,3
260,2279,2,4,3,7,7,No,16,4,2
261,5916,3,2,3,8,1,Yes,13,1,3
262,2089,4,4,3,7,5,No,14,4,4
264,16792,4,1,4,22,20,No,23,4,3
267,3564,1,2,3,8,8,Yes,12,1,2
269,4425,2,2,3,10,6,No,11,4,3
270,5265,3,3,3,11,5,No,16,2,3
271,6553,3,4,3,14,1,No,14,2,3
273,6261,4,4,3,9,7,No,18,1,1
274,4298,1,3,3,6,2,No,19,3,3
275,6804,4,4,3,7,7,Yes,15,1,3
277,3815,3,4,3,5,5,Yes,17,4,4
281,2741,4,3,3,15,7,Yes,15,3,4
282,6673,1,2,3,17,1,Yes,19,2,3
283,7639,4,2,4,10,10,No,22,4,2
284,2328,2,4,3,4,4,Yes,16,1,2
286,2153,4,2,3,8,8,No,13,1,3
287,4876,4,4,3,5,3,No,14,4,1
288,9396,1,4,3,17,4,No,16,3,3
291,10400,4,4,3,14,14,No,11,3,2
292,8474,3,3,4,12,11,No,22,3,3
293,9981,3,4,3,7,7,No,14,4,3
296,12490,2,2,3,16,10,No,16,4,1
297,2657,1,4,3,8,5,Yes,11,3,3
298,13591,4,4,3,16,1,Yes,18,3,3
299,6696,1,3,3,9,6,No,15,3,2
300,2058,3,3,3,7,6,No,14,4,2
302,8865,4,4,3,23,19,No,12,4,3
303,5940,1,4,3,16,6,No,14,4,3
304,5914,2,4,3,16,13,No,16,4,4
305,2622,2,3,4,7,3,No,21,4,3
306,12185,4,2,3,10,10,Yes,14,3,3
307,10609,3,1,3,17,16,No,12,3,2
308,4345,3,3,3,6,5,No,12,4,3
309,2177,4,3,3,7,1,No,17,1,3
311,2793,4,1,3,13,9,No,17,3,3
312,7918,4,2,3,11,11,No,14,4,3
314,8789,3,3,3,10,10,No,14,1,4
315,2389,4,3,3,4,4,Yes,13,3,2
316,3212,4,3,3,6,2,No,15,2,2
319,19232,4,3,3,22,22,No,11,4,3
321,2267,3,2,3,7,2,No,17,4,2
323,19517,4,4,3,32,7,No,11,3,2
325,2436,4,3,3,8,5,Yes,13,3,1
327,16064,4,4,4,22,17,Yes,22,3,3
328,2707,1,1,4,13,9,No,20,1,4
329,19068,3,1,3,33,33,Yes,18,4,4
330,3931,2,3,3,6,4,No,11,1,3
331,3730,3,4,3,4,3,Yes,14,4,1
332,2232,3,3,3,7,3,No,14,3,3
333,4465,4,3,3,4,3,No,18,1,3
334,3072,1,3,3,17,1,No,16,1,2
335,3319,4,1,3,9,9,No,17,1,3
336,19202,4,3,3,25,24,No,11,3,3
337,13675,3,2,3,9,2,No,12,1,3
338,2911,4,3,3,2,2,No,13,3,2
339,5957,1,4,3,13,11,No,13,2,3
340,3920,1,3,3,17,3,No,14,1,2
341,6434,3,1,3,9,3,No,17,4,3
342,10048,3,1,3,17,1,No,11,2,3
343,10938,3,3,4,20,19,No,25,4,3
346,2340,4,3,3,6,6,No,19,1,3
347,6545,1,4,3,10,3,Yes,13,3,3
349,6931,4,4,3,10,3,No,14,4,3
350,4898,3,1,3,5,4,No,12,4,3
351,2593,1,4,3,10,9,Yes,11,3,3
352,19436,3,1,3,22,21,No,19,4,3
353,2723,4,3,3,1,1,No,11,2,2
355,3479,2,3,3,6,5,No,11,2,4
359,2794,2,2,4,5,5,No,20,3,1
361,5249,4,4,3,13,8,No,18,4,3
362,2176,1,4,3,9,6,No,13,4,3
363,16872,2,3,3,28,7,Yes,12,2,2
364,3485,3,1,3,5,0,No,11,3,1
366,6644,2,1,3,10,0,No,19,2,3
367,5582,4,2,4,10,9,No,21,2,3
369,4000,1,2,3,6,6,No,12,4,3
372,13496,4,3,3,21,20,Yes,14,2,3
373,3210,4,4,3,16,15,No,11,3,3
374,19045,1,4,3,37,36,Yes,14,3,3
376,11849,2,1,3,10,10,Yes,12,4,2
377,2070,4,4,4,5,5,No,23,4,2
378,6502,4,3,3,7,5,No,14,2,4
379,3230,3,4,3,3,3,No,17,1,4
380,13603,4,1,3,15,5,Yes,18,1,3
381,11996,2,2,3,10,7,No,18,2,2
382,5605,1,1,4,8,8,Yes,24,3,3
384,6397,2,3,4,6,6,No,20,1,1
385,19144,2,1,3,28,10,No,14,1,2
386,17584,3,3,3,21,5,Yes,16,4,2
387,4907,3,2,4,20,20,No,25,3,3
388,4554,4,2,3,10,10,No,18,1,2
389,5415,4,2,3,12,10,Yes,19,4,3
390,4741,1,1,3,5,5,Yes,13,3,3
391,2115,4,4,3,17,17,No,12,2,3
392,3161,3,4,4,19,1,Yes,22,4,1
393,5745,4,4,3,10,2,No,14,2,3
394,2373,2,1,3,5,3,Yes,13,4,3
395,3310,4,4,4,5,5,No,21,4,3
396,18665,1,3,3,22,3,Yes,11,4,3
397,4485,2,3,3,10,8,No,12,4,3
399,2789,2,4,3,2,2,No,11,3,2
401,5828,4,4,3,8,8,Yes,12,2,3
403,2326,4,2,3,4,4,Yes,12,3,2
404,13525,2,3,3,23,20,No,14,4,4
405,1420,3,3,3,0,0,No,13,3,3
406,8020,2,3,3,12,11,No,15,3,2
407,3688,4,3,3,4,1,No,18,4,3
408,5482,2,4,3,13,4,No,18,4,3
410,16015,2,4,3,22,22,No,19,2,3
411,1200,3,4,3,0,0,No,12,1,3
412,5661,1,2,3,9,8,No,19,3,3
416,6929,4,2,3,10,8,No,11,2,2
417,9613,4,3,3,19,18,No,17,1,2
419,5674,2,2,3,11,9,No,15,3,3
420,5484,3,4,3,13,13,No,14,3,2
421,12061,2,1,3,19,10,No,17,3,3
422,5660,3,4,3,12,5,Yes,13,4,3
423,4821,4,3,3,6,5,Yes,12,3,3
424,6410,1,1,3,9,2,No,12,4,3
425,5210,1,1,3,24,24,No,18,1,3
426,2695,4,3,3,3,2,Yes,18,2,1
428,11878,2,4,3,12,10,No,11,2,3
429,17068,1,3,3,21,21,Yes,14,4,3
430,2455,4,3,3,9,8,No,19,1,3
431,13964,3,3,3,25,7,Yes,12,4,3
433,4941,2,3,3,11,8,No,15,1,2
434,2478,2,3,3,4,4,Yes,12,2,2
436,5228,2,3,3,13,13,Yes,11,4,3
437,4478,3,4,3,5,5,Yes,11,1,3
438,7547,4,4,3,13,7,No,12,4,3
439,5055,4,1,3,10,7,No,16,3,2
440,3464,4,1,3,5,3,Yes,13,4,2
441,5775,4,4,3,11,10,No,13,4,3
442,8943,3,3,4,10,10,No,24,1,3
444,19272,4,3,3,21,21,No,15,1,3
445,5238,3,4,3,12,1,Yes,18,1,2
446,4682,4,2,3,9,7,No,14,3,2
447,18300,3,4,3,21,3,No,11,2,3
448,5257,3,3,3,9,9,No,11,2,4
449,6349,2,3,3,6,5,Yes,13,4,3
450,4869,3,4,3,20,4,No,12,4,2
451,9985,1,3,3,10,1,No,16,1,2
452,3697,4,4,3,12,10,No,14,1,3
453,7457,4,2,4,6,4,Yes,22,3,2
454,2119,1,2,3,7,7,Yes,11,4,2
455,3983,4,2,3,4,3,No,17,3,3
456,6118,3,4,3,10,10,No,13,3,3
458,6214,2,2,3,8,8,No,18,1,3
460,6347,4,4,3,8,6,No,16,3,2
461,11510,4,3,3,12,11,Yes,14,2,3
462,7143,4,3,3,11,11,Yes,14,3,2
463,8268,2,4,3,7,7,Yes,14,1,3
464,8095,2,3,3,17,16,No,13,4,3
465,2904,4,3,3,4,4,No,12,3,2
466,6032,2,4,3,8,5,Yes,15,4,3
467,2976,3,2,3,5,0,No,19,1,3
468,15992,4,1,3,16,1,No,14,2,3
469,4649,3,4,3,4,4,No,14,1,2
470,2696,3,3,3,4,3,Yes,11,3,3
471,2370,2,3,3,8,8,No,13,3,3
473,12504,3,1,4,15,0,No,21,2,1
474,5974,1,3,3,13,7,Yes,13,1,3
475,4736,3,4,3,4,2,Yes,12,2,4
476,5296,3,3,3,8,8,No,17,2,3
477,6781,4,1,4,14,1,No,23,2,3
478,2174,2,1,3,3,3,Yes,11,3,3
479,6653,4,4,3,7,1,No,15,2,3
481,9699,4,1,3,16,13,No,11,1,3
482,6755,3,4,3,15,3,No,11,3,3
483,2213,3,4,3,10,7,Yes,13,3,3
484,2610,4,1,4,3,3,No,24,3,2
485,2851,3,4,3,1,1,Yes,13,2,3
486,3452,1,3,4,17,5,No,20,2,3
487,5258,3,3,3,7,1,No,14,3,4
488,9355,2,1,3,8,8,No,18,3,3
491,10496,4,4,3,20,4,No,15,4,3
492,6380,3,3,3,8,6,Yes,12,1,3
493,2657,2,3,3,3,2,Yes,16,4,3
494,2716,2,3,3,1,1,No,15,4,3
495,2201,4,4,3,6,3,No,16,4,3
496,6540,2,3,3,10,1,No,19,3,3
497,3816,2,4,3,5,5,No,11,2,3
498,5253,4,2,3,7,7,No,16,4,3
499,10965,3,2,4,26,5,No,24,3,3
500,4936,4,3,3,18,7,No,11,3,2
501,2543,3,4,3,6,2,No,13,2,3
502,5304,4,1,3,9,5,Yes,13,2,2
505,16659,4,3,3,30,5,Yes,13,3,3
507,4260,3,4,3,5,5,Yes,12,4,4
508,2476,2,3,3,1,1,No,18,1,3
510,3102,1,3,4,7,6,No,22,3,3
511,2244,2,1,3,2,2,No,13,4,3
513,7596,3,2,3,10,10,No,13,2,3
514,2285,4,3,4,3,1,Yes,23,3,3
515,3034,1,4,3,18,18,No,12,3,2
516,5715,2,4,3,8,5,No,12,3,3
517,2576,1,2,3,8,5,No,16,2,3
518,4197,2,3,3,18,1,Yes,12,4,2
520,14336,2,1,3,25,25,No,11,3,3
521,3448,3,2,4,20,1,No,22,2,3
522,19406,1,1,3,24,4,No,11,3,2
523,6538,3,3,3,6,3,No,15,1,3
524,4306,1,2,3,13,13,No,12,2,1
525,2258,4,4,4,8,3,No,20,1,3
526,4522,3,3,3,8,5,Yes,14,4,3
527,4487,4,2,3,5,5,Yes,11,2,3
529,4449,3,2,3,15,13,Yes,15,1,3
530,2218,1,4,3,4,4,No,12,3,3
531,19197,3,2,3,21,21,Yes,14,3,3
532,13212,1,3,3,36,7,No,11,4,2
533,6577,3,2,3,6,5,No,11,2,3
534,8392,1,2,3,10,10,No,16,3,3
536,4558,1,3,3,10,10,No,12,4,3
538,4031,1,1,3,6,2,No,13,3,3
543,7969,3,4,3,28,5,Yes,14,3,3
544,2654,4,1,4,8,2,No,21,4,2
546,16555,4,4,3,31,5,No,13,4,1
547,4556,3,1,3,19,5,No,11,2,3
548,6091,4,3,4,11,5,No,20,3,3
549,19566,1,1,3,33,29,No,11,4,1
550,4810,3,3,3,19,10,No,14,3,2
551,4523,4,4,3,7,6,No,11,4,4
554,3202,2,1,3,6,5,Yes,16,2,3
555,2351,3,4,3,3,2,No,16,4,2
556,1702,4,4,4,1,1,Yes,23,3,3
558,18041,3,3,3,21,20,No,14,4,3
560,2886,4,1,4,3,3,No,22,2,1
562,2097,4,3,3,9,5,No,15,3,1
564,11935,3,2,3,10,10,No,18,3,3
565,2546,2,3,3,6,2,No,16,2,4
566,2564,4,1,3,1,1,No,12,3,4
567,8412,1,3,3,10,9,No,11,3,3
568,14118,4,1,3,32,1,No,12,3,2
569,17046,3,2,3,28,27,No,15,2,3
571,2564,4,3,3,12,11,No,14,3,2
573,10266,1,3,3,22,18,No,19,4,4
574,5070,4,1,3,20,5,No,13,3,3
575,17861,3,1,3,26,3,No,13,3,1
577,4230,3,4,3,6,5,No,15,3,3
578,3780,3,3,3,19,1,No,11,3,3
579,2768,3,4,3,14,7,No,12,3,3
580,9071,4,3,3,15,3,Yes,19,3,3
581,10648,2,3,4,13,13,No,25,4,4
582,13610,3,2,3,15,7,Yes,12,4,4
584,3408,4,1,3,8,4,No,13,1,3
585,2983,2,4,3,4,3,No,14,1,3
586,7632,3,4,3,10,8,Yes,12,3,3
587,9824,3,1,3,12,1,No,12,1,3
590,9950,1,2,3,11,3,Yes,15,3,3
591,2093,3,2,3,8,2,No,17,4,3
592,9980,4,2,3,10,10,No,14,4,2
593,3894,3,3,3,4,2,No,16,3,3
595,4051,4,2,3,14,9,No,14,1,3
597,16835,2,1,4,37,10,No,23,4,3
599,6230,4,4,3,16,14,No,14,4,3
600,4717,3,2,3,15,11,No,11,3,3
601,13237,3,2,3,22,20,No,15,3,3
602,3755,3,3,3,8,8,No,11,1,3
604,6582,4,2,3,10,6,Yes,13,3,4
605,7406,1,4,4,10,10,Yes,21,4,2
606,4805,2,4,3,9,8,No,19,2,4
608,2741,3,2,3,8,7,Yes,11,2,2
611,4262,4,4,3,8,3,No,12,2,4
612,16184,3,1,3,10,6,No,19,3,3
613,11557,4,3,4,10,5,No,21,3,2
614,1878,2,2,3,0,0,Yes,14,4,3
615,10932,1,3,3,20,1,No,15,3,3
616,6811,3,1,3,10,8,Yes,17,1,3
618,4306,3,1,3,8,0,No,12,1,3
620,4859,3,1,3,5,5,No,16,4,3
621,5337,4,4,3,10,10,No,12,4,3
622,2340,4,3,3,1,1,Yes,18,2,1
623,7491,4,2,3,12,6,No,17,4,4
624,10527,3,1,3,28,2,No,11,4,2
625,16595,1,2,3,22,18,No,16,2,3
626,8834,2,1,3,9,9,No,13,4,3
630,5577,1,4,3,18,10,Yes,12,2,3
631,4707,3,4,3,6,4,No,12,4,3
632,2400,4,4,3,3,2,No,13,3,3
634,9824,3,3,3,18,1,No,19,3,3
635,6447,2,2,3,8,6,No,12,2,2
638,19502,3,4,3,31,31,Yes,17,3,3
639,2725,4,2,3,6,6,Yes,11,2,3
641,6272,2,1,4,6,5,No,20,4,4
643,2127,2,4,4,1,1,No,21,4,3
644,18200,2,1,3,32,32,No,11,3,3
645,2096,3,2,3,7,7,No,11,3,3
647,2886,3,1,3,6,6,Yes,16,4,3
648,2033,1,2,3,1,1,No,18,3,4
649,3622,4,2,3,6,6,Yes,13,4,3
650,4233,1,2,3,9,3,No,17,3,1
652,3681,4,1,3,9,3,No,14,4,3
653,5460,4,1,4,13,7,No,22,4,4
655,2187,3,1,3,6,5,No,12,3,2
656,9602,3,4,3,17,3,Yes,11,3,2
657,2836,2,4,3,1,1,No,13,4,4
659,4089,4,3,3,10,10,No,13,2,3
661,16627,4,2,3,21,1,Yes,14,3,2
662,2619,1,3,3,8,0,No,17,4,2
663,5679,3,4,3,10,8,Yes,13,2,3
664,15402,1,4,3,21,3,No,11,1,1
665,5985,3,1,3,10,2,No,11,2,4
666,2579,3,3,3,8,8,Yes,18,4,3
667,3041,1,3,3,5,4,No,11,2,3
669,3447,3,3,3,3,3,No,11,3,3
671,19513,4,4,3,26,2,Yes,12,1,4
675,2773,3,1,4,3,2,No,20,4,3
677,7104,3,3,3,6,5,No,12,4,3
679,6322,4,1,3,6,6,Yes,12,4,2
680,2083,3,3,4,1,1,No,20,3,3
682,8381,1,4,4,18,14,No,20,4,4
683,2691,4,2,3,10,10,No,12,4,2
684,4286,1,1,3,5,1,No,14,4,3
686,2659,4,3,3,3,3,Yes,13,3,3
689,9434,3,3,3,10,10,No,15,3,3
690,5561,3,2,3,6,6,No,14,1,2
691,6646,4,2,3,17,17,No,13,2,3
692,7725,4,3,4,15,13,No,23,3,1
698,10725,2,3,3,16,9,No,15,3,4
699,8847,2,2,3,13,3,Yes,11,3,3
700,2045,4,1,3,5,4,No,13,4,3
701,1009,3,4,3,1,1,Yes,11,4,3
702,3348,1,1,3,10,10,Yes,11,1,3
704,1281,3,3,3,1,1,No,18,3,3
705,2819,1,1,3,5,3,No,16,1,4
707,4851,2,4,4,4,3,No,22,3,3
709,4028,4,4,4,8,7,No,20,1,3
710,2720,4,2,3,10,10,No,18,4,3
712,8120,2,2,3,12,2,No,12,4,3
714,4647,4,4,4,6,6,Yes,20,2,3
715,4680,4,4,3,4,1,No,17,1,3
716,3221,3,4,3,20,20,Yes,11,3,3
717,8621,2,4,3,9,8,No,14,2,4
720,4577,3,1,3,4,2,No,14,1,3
721,4553,3,4,3,20,20,No,11,1,3
722,5396,4,4,3,10,10,No,12,4,2
723,6796,3,2,3,18,4,Yes,14,1,3
724,7625,4,2,3,10,9,No,13,3,2
725,7412,1,3,3,9,9,No,11,4,3
727,11159,4,3,3,10,7,No,15,4,3
728,4960,1,4,3,20,7,No,12,4,3
729,10475,1,4,4,20,18,Yes,21,3,3
730,14814,3,3,3,32,5,No,19,3,3
731,19141,4,2,3,23,21,No,15,2,2
732,5405,1,1,3,10,2,No,14,4,3
733,8793,1,4,4,9,9,No,21,3,2
734,19189,3,4,3,22,22,No,12,2,3
738,3875,2,4,3,4,2,No,15,4,3
741,2216,2,1,3,10,7,Yes,13,4,3
742,11713,1,1,3,10,8,No,14,1,3
743,7861,3,3,3,10,1,Yes,14,4,4
744,3708,3,1,3,9,5,No,14,3,3
746,13770,3,4,3,28,22,Yes,12,4,2
747,5304,4,3,4,10,8,No,23,4,2
749,2642,3,3,3,1,1,No,11,3,3
752,2759,3,3,3,7,2,Yes,12,4,3
754,6804,4,4,3,7,2,No,18,3,3
757,6142,3,2,3,10,5,No,11,4,3
758,2500,1,2,3,5,4,No,14,4,4
760,6389,2,3,3,12,8,No,15,3,1
762,11103,4,3,3,30,10,No,11,3,2
763,2342,4,4,4,5,4,Yes,20,4,2
764,6811,1,4,3,9,7,No,19,1,1
766,2297,2,4,3,2,2,No,14,4,3
769,2450,4,4,3,19,2,No,17,4,3
771,5093,1,4,3,16,1,No,11,1,4
772,5309,4,1,3,10,10,No,15,4,3
773,3057,3,4,3,6,1,Yes,13,2,1
775,5121,1,2,3,7,0,No,14,3,3
776,16856,1,3,3,34,34,No,11,1,4
780,2686,4,4,3,10,10,Yes,13,3,2
781,6180,4,3,4,6,6,No,23,2,2
783,6632,3,2,3,9,8,No,13,1,3
784,3505,3,1,3,2,2,No,18,4,3
785,6397,3,2,3,8,5,Yes,12,4,3
786,6274,4,4,4,6,6,No,22,3,3
787,19859,1,4,3,24,5,Yes,13,4,3
789,7587,1,1,3,10,10,No,15,2,3
791,4258,4,4,3,5,4,No,18,1,3
792,4364,4,1,3,5,2,No,14,1,3
793,4335,3,2,3,11,8,No,12,1,2
796,5326,1,4,3,6,4,No,17,3,2
797,3280,4,2,3,10,4,No,16,3,3
799,5485,1,4,3,9,5,Yes,11,2,3
800,4342,4,3,3,5,4,No,19,2,3
802,2782,1,4,3,6,5,Yes,13,2,2
803,5980,1,1,3,17,15,Yes,12,4,3
804,4381,1,3,3,6,6,No,11,3,3
805,2572,4,1,3,3,3,No,16,2,2
806,3833,3,4,4,7,2,No,21,3,3
807,4244,2,3,4,8,8,No,24,4,3
808,6500,1,3,3,6,3,No,17,2,3
809,18430,4,2,3,24,24,No,13,2,2
811,1601,1,3,4,1,0,Yes,21,3,3
812,2694,2,3,3,1,1,No,11,3,3
813,3149,3,4,4,9,5,No,20,2,3
815,17639,3,3,3,30,4,No,16,4,3
816,2319,1,2,3,1,1,Yes,11,4,3
817,11691,3,3,3,14,13,No,11,4,4
819,5324,1,1,3,6,3,No,15,3,3
820,16752,4,3,3,26,26,Yes,11,3,2
823,5228,2,3,3,10,9,No,15,1,3
824,2700,3,3,4,10,10,No,24,3,3
825,19246,2,4,3,40,31,Yes,12,4,3
826,2506,3,4,3,7,2,No,13,3,3
827,6062,4,4,3,8,4,Yes,13,4,3
828,4382,3,3,3,5,2,No,17,4,2
829,2143,2,3,3,8,5,No,13,2,3
830,6162,3,3,3,14,14,No,12,3,3
832,5094,3,1,3,10,1,No,14,4,3
833,6877,4,3,4,12,0,Yes,24,2,2
834,2274,3,2,3,1,1,No,14,4,3
836,4434,2,2,3,10,9,No,13,4,2
837,6288,1,1,3,13,4,No,15,3,2
838,2553,4,3,3,6,5,No,16,3,3
840,7654,4,3,3,9,9,No,18,1,4
842,5160,4,3,3,12,9,No,16,3,2
843,17159,1,2,4,22,4,No,24,3,3
844,12808,4,3,3,9,9,Yes,16,2,3
845,10221,3,3,4,17,8,No,21,2,4
846,4779,2,2,4,8,8,Yes,20,1,3
847,3737,4,3,3,4,3,No,19,3,1
848,2366,3,3,3,8,8,Yes,14,1,3
850,1706,4,4,3,0,0,No,11,3,2
851,16307,3,1,3,29,20,No,14,3,2
852,5933,2,4,3,10,5,No,12,4,2
854,3424,1,1,3,6,4,No,13,3,2
855,4037,1,1,4,9,9,No,22,1,3
856,2559,1,3,3,6,6,No,11,4,2
857,6201,4,2,3,18,18,Yes,14,4,2
859,4403,4,2,3,8,5,No,11,3,2
861,3761,4,2,3,10,5,No,12,2,2
862,10934,4,1,3,35,5,Yes,18,4,3
864,10761,1,4,3,18,5,Yes,12,3,3
865,5175,3,3,3,9,5,No,12,3,2
867,13826,4,3,4,31,9,No,22,3,3
868,6334,3,4,3,9,1,No,19,4,3
869,4936,4,2,3,6,5,No,13,4,3
872,4775,4,4,4,4,2,No,22,1,1
874,2818,4,1,4,10,3,Yes,24,3,2
875,2515,4,2,3,8,2,Yes,14,4,3
878,2342,1,1,4,6,5,No,21,3,3
879,4194,1,3,3,5,5,Yes,18,4,3
880,10685,3,4,4,17,17,Yes,20,2,3
881,2022,2,4,3,10,10,Yes,19,1,2
882,2314,4,4,3,4,3,No,12,2,3
885,4256,1,3,3,5,5,No,12,1,4
887,3580,1,3,3,7,4,No,16,2,3
888,3162,4,1,3,6,5,No,17,4,2
889,6524,2,2,3,10,10,No,14,4,3
893,2899,2,2,3,3,2,No,19,4,3
894,5231,4,3,3,17,5,Yes,13,2,2
895,2356,4,4,3,8,6,Yes,19,2,3
896,2800,3,2,3,5,3,Yes,19,3,3
897,11836,4,1,3,28,2,No,14,3,3
899,10903,2,4,3,16,13,No,16,1,3
900,2973,4,3,3,10,5,No,15,2,3
901,14275,4,4,3,33,12,No,18,3,3
902,5562,4,4,3,12,5,No,13,2,2
903,4537,4,3,4,8,7,Yes,22,1,3
904,7642,2,1,3,10,10,Yes,13,4,3
905,17924,1,1,3,31,31,No,11,4,3
909,5204,4,4,3,13,5,No,11,3,3
910,2277,2,4,3,7,4,Yes,11,3,4
911,2795,4,1,4,1,1,Yes,24,3,1
912,2532,4,1,3,8,4,No,14,3,3
913,2559,1,2,3,8,8,Yes,13,4,3
916,4908,4,1,3,4,4,No,14,2,3
918,2380,4,4,3,3,1,Yes,14,4,2
920,4765,2,1,4,4,1,No,21,3,4
922,2044,3,3,3,2,2,No,13,4,2
923,2693,4,4,3,1,1,No,19,1,2
924,6586,4,3,3,17,16,Yes,17,1,2
925,3294,4,4,3,3,3,Yes,18,1,2
926,4171,3,2,3,4,3,Yes,19,1,4
927,2778,4,2,3,10,7,Yes,13,3,2
930,2377,3,3,3,6,2,No,18,2,3
932,2404,1,4,4,8,2,Yes,21,4,1
933,2318,3,2,3,1,1,No,19,3,3
934,2008,2,2,3,1,1,No,14,2,3
936,6244,3,3,3,10,5,No,17,1,3
939,2799,1,3,3,6,3,Yes,11,2,3
940,10552,2,3,3,24,6,Yes,13,4,3
941,2329,3,2,3,13,7,No,15,2,4
942,4014,4,4,4,10,10,Yes,25,4,1
944,7403,2,1,3,29,26,No,11,3,2
945,2259,3,4,3,13,0,No,17,1,2
947,6932,3,4,3,9,9,No,13,4,2
949,4678,4,2,3,8,6,No,18,3,3
950,13582,1,4,3,15,15,No,13,2,3
951,2332,2,3,4,5,3,No,20,3,3
952,2413,2,3,3,1,1,Yes,18,3,3
954,9705,2,1,3,11,1,No,12,2,2
956,4294,1,3,3,7,7,No,12,2,3
957,4721,1,4,3,20,18,Yes,13,3,3
958,2519,3,3,4,16,11,No,21,3,3
959,2121,2,4,3,1,1,Yes,13,2,4
960,2973,1,1,3,1,1,No,19,2,3
961,5855,4,4,3,10,9,Yes,11,3,1
964,3617,2,4,3,3,1,Yes,14,4,3
966,6725,1,3,3,8,8,No,12,3,4
967,10325,4,3,3,16,16,Yes,11,1,3
969,6949,4,2,3,6,5,No,14,1,3
970,10609,3,1,3,17,14,No,11,3,1
972,4447,2,3,3,9,9,No,12,2,2
974,2157,4,3,3,3,3,No,15,2,3
975,4601,3,3,3,5,5,No,16,2,3
976,17099,4,4,3,26,9,No,15,2,2
977,2479,3,4,4,7,1,No,24,1,3
981,14852,3,3,3,22,17,No,13,3,4
982,7264,3,3,3,10,8,No,11,1,4
983,5666,4,3,3,6,5,Yes,13,2,3
984,7823,4,4,3,12,10,No,13,2,3
985,7880,3,1,3,9,8,No,18,4,3
986,13194,2,2,3,22,1,Yes,16,4,2
987,5067,3,3,3,20,19,Yes,19,3,4
990,5079,4,1,3,12,7,No,13,4,3
991,2321,1,3,4,4,3,Yes,22,1,3
992,17444,3,4,3,10,10,No,11,4,3
994,2404,1,4,4,3,0,Yes,20,3,3
995,3452,4,2,3,5,3,No,18,1,3
996,2270,4,4,3,8,5,No,14,4,3
997,17399,4,4,4,32,5,No,22,3,2
998,5488,2,3,3,6,6,Yes,13,1,3
999,19419,3,1,3,21,18,No,17,2,4
1001,2811,2,3,3,4,2,No,14,2,3
1002,3633,1,4,3,9,9,Yes,15,3,3
1003,4163,4,4,3,9,9,Yes,17,3,3
1004,2132,3,1,3,7,5,Yes,11,2,3
1005,13973,3,4,3,22,12,Yes,18,4,3
1006,2684,3,3,3,3,2,No,17,2,2
1007,10845,3,4,3,13,8,No,13,2,3
1009,4377,3,4,3,5,4,No,15,2,3
1010,3743,2,3,4,5,4,Yes,24,4,1
1011,4148,1,3,3,4,4,No,12,3,3
1012,1051,4,2,3,0,0,No,15,4,3
1013,10739,3,3,3,22,10,No,11,3,3
1014,10388,3,3,3,16,16,Yes,11,3,2
1015,11416,1,2,3,9,8,Yes,12,3,2
1016,2600,1,4,3,1,1,Yes,15,1,3
1017,2422,2,2,3,4,3,No,17,1,3
1018,5472,4,4,3,8,8,No,12,2,3
1019,2451,1,2,3,4,4,No,15,1,2
1022,4240,3,1,3,19,2,No,13,4,3
1024,10999,3,3,3,27,15,No,14,2,3
1025,5003,3,4,3,8,2,No,14,2,3
1026,12742,4,4,3,21,21,No,16,3,3
1027,4227,4,1,3,4,3,No,18,2,3
1028,3917,4,2,4,3,3,No,20,1,2
1029,18303,3,4,3,21,1,No,13,2,4
1030,2380,4,1,3,8,1,No,18,2,3
1032,13726,4,3,3,30,5,Yes,13,1,3
1033,4777,2,1,3,15,1,No,15,1,1
1034,6385,2,3,3,17,8,Yes,14,4,3
1035,19973,3,2,4,21,21,No,22,2,3
1036,6861,4,2,3,19,1,Yes,12,3,3
1037,4969,1,2,3,7,2,No,18,4,3
1038,19845,4,1,3,33,32,No,15,4,3
1039,13320,4,4,3,23,12,Yes,18,3,3
1040,6347,3,4,3,19,18,No,12,1,3
1042,2743,1,3,3,18,17,No,16,3,3
1043,10880,1,4,3,21,21,Yes,13,3,3
1044,2342,4,2,3,3,2,No,19,4,2
1045,17650,4,4,3,26,9,No,13,2,4
1046,4025,3,4,3,10,8,No,12,2,3
1047,9725,4,2,3,16,15,No,11,4,2
1048,11904,4,2,3,14,6,Yes,14,3,1
1049,2177,2,2,3,6,6,No,16,1,3
1050,7525,2,3,3,30,15,No,12,1,3
1052,4834,3,1,3,9,1,No,14,2,2
1053,2042,1,1,3,6,3,Yes,14,2,3
1055,2220,3,3,3,1,1,Yes,19,4,3
1056,1052,2,4,4,1,1,No,22,2,3
1060,2821,3,3,3,8,2,No,16,1,3
1061,19237,3,2,3,29,8,Yes,11,4,2
1062,4107,2,4,3,8,4,No,15,1,2
1066,8396,1,3,3,8,7,No,14,2,2
1068,2007,3,1,3,5,5,No,13,3,3
1069,19627,4,4,3,23,2,No,17,4,3
1070,10686,3,3,3,13,9,No,11,2,3
1071,2942,3,1,3,18,5,No,19,2,3
1073,8858,4,4,3,15,14,No,11,2,2
1074,16756,1,3,3,31,9,No,15,2,4
1076,10798,4,3,3,18,1,No,13,3,3
1077,2323,4,4,3,2,2,Yes,14,2,3
1079,1416,1,3,3,1,1,No,13,1,2
1080,4615,1,4,4,19,16,Yes,23,1,3
1081,2461,3,1,3,18,10,Yes,12,3,4
1082,8722,1,2,3,10,10,No,12,1,2
1083,3955,1,1,3,6,5,No,16,1,3
1084,9957,1,3,3,7,6,No,15,3,2
1085,3376,3,2,3,10,10,No,13,3,3
1088,8823,3,3,3,20,19,No,18,1,2
1092,10322,4,1,4,14,11,No,20,4,3
1094,4621,3,1,3,3,3,No,19,4,3
1096,10976,2,4,3,23,3,No,18,2,3
1097,3660,3,3,3,10,8,No,13,4,4
1098,10482,1,2,3,24,20,No,14,4,3
1099,7119,4,4,3,9,3,No,15,3,3
1100,9582,1,4,4,9,8,Yes,22,1,3
1101,4508,3,1,4,14,13,No,22,2,3
1102,2207,3,1,3,4,4,No,16,4,2
1103,7756,4,1,3,7,6,No,17,3,2
1105,6694,4,4,3,8,1,Yes,14,3,3
1106,3691,4,4,3,7,7,Yes,15,2,4
1107,2377,3,1,4,1,1,No,20,3,2
1108,2313,2,1,4,5,2,Yes,20,2,3
1109,17665,1,4,3,23,22,No,17,4,3
1111,2596,2,1,3,1,1,No,15,1,3
1113,4728,3,4,3,5,0,Yes,14,4,3
1114,4302,2,4,3,4,3,No,17,3,3
1115,2979,4,3,3,6,0,No,17,4,3
1116,16885,4,1,4,27,5,No,22,3,2
1117,5593,3,2,3,15,15,No,13,4,3
1118,10445,2,2,3,18,8,No,19,4,3
1119,8740,3,3,3,9,8,Yes,14,2,3
1120,2514,4,3,4,11,7,No,22,1,3
1121,7655,2,4,3,10,9,No,17,2,2
1124,17465,3,1,3,23,12,No,12,4,3
1125,7351,2,4,3,10,1,No,16,3,3
1126,10820,1,3,3,18,8,No,11,3,3
1127,12169,4,1,3,21,18,No,11,4,3
1128,19626,3,3,3,21,20,No,14,1,4
1131,2070,2,4,3,2,2,Yes,11,3,4
1132,6782,2,3,3,9,5,No,15,3,2
1133,7779,4,1,4,18,11,No,20,1,3
1135,2791,4,3,3,3,2,No,12,1,3
1136,3201,2,1,3,6,5,No,17,1,1
1137,4968,4,4,3,5,5,No,11,4,3
1138,13120,2,4,3,22,9,No,17,2,3
1140,4033,3,4,3,5,3,No,11,4,2
1143,3291,2,4,3,8,7,No,14,4,2
1148,4272,4,2,3,16,1,No,19,1,3
1150,5056,4,2,3,10,10,Yes,15,3,2
1152,2844,3,3,3,7,7,No,13,4,4
1154,2703,3,3,3,3,3,Yes,14,4,3
1156,1904,3,3,3,0,0,No,12,4,3
1157,8224,1,1,3,6,5,Yes,17,1,3
1158,4766,4,2,3,6,1,Yes,11,1,3
1160,2610,3,3,3,2,2,No,12,3,2
1161,5731,4,3,3,9,6,No,13,3,3
1162,2539,3,4,3,4,4,No,13,3,3
1163,5714,3,2,4,6,6,No,20,1,2
1164,4323,3,3,3,6,5,No,17,2,1
1165,7336,1,4,3,11,11,No,13,1,1
1166,13499,3,2,3,20,18,No,17,3,2
1167,13758,1,3,3,22,21,Yes,12,2,2
1171,5155,1,2,3,9,6,No,13,4,4
1172,2258,3,4,3,10,8,No,12,2,3
1173,3597,2,4,4,6,4,No,22,4,3
1175,2515,4,3,3,1,1,Yes,11,4,2
1177,4420,4,1,4,8,8,No,22,2,3
1179,6578,3,3,3,10,10,No,18,1,3
1180,4422,4,3,3,16,1,Yes,13,4,1
1182,10274,2,3,3,15,7,No,18,2,4
1184,5343,1,4,4,14,13,No,20,3,3
1185,2376,4,4,3,2,2,No,13,2,4
1188,5346,3,1,3,7,4,No,13,2,2
1190,2827,1,3,3,1,1,No,12,3,3
1191,19943,1,4,3,28,5,No,13,4,3
1192,3131,4,2,3,10,10,No,13,1,3
1193,2552,1,3,4,1,1,No,25,3,3
1195,4477,3,1,3,7,3,Yes,19,3,2
1196,6474,4,4,3,14,14,No,13,2,2
1198,3033,3,1,3,2,2,No,12,1,2
1200,2936,3,3,3,6,6,Yes,11,3,3
1201,18606,3,4,3,26,7,No,18,2,3
1202,2168,4,2,3,6,5,Yes,18,1,2
1203,2853,4,3,3,1,0,Yes,11,2,3
1204,17048,1,3,4,28,26,No,23,1,3
1206,2290,3,4,3,6,0,No,13,4,3
1207,3600,3,2,3,5,5,No,13,4,3
1210,2107,1,1,3,5,1,No,17,1,1
1211,4115,1,3,3,8,4,No,19,3,3
1212,4327,2,2,3,5,0,No,12,4,3
1215,17856,1,4,4,32,2,No,22,3,3
1216,3196,1,4,3,6,6,No,12,3,3
1217,19081,2,4,3,25,4,No,11,1,3
1218,8966,1,3,3,15,7,Yes,15,4,3
1219,2210,2,4,3,1,1,No,13,1,1
1220,4539,3,2,3,10,10,No,12,1,2
1221,2741,3,3,3,7,7,No,14,3,3
1224,3491,3,3,3,10,10,No,13,1,2
1225,4541,4,4,4,20,20,No,25,2,3
1226,2678,4,3,3,2,2,No,17,4,3
1228,7379,4,4,3,12,6,No,11,3,2
1231,6272,1,4,3,10,4,No,16,1,4
1233,5220,4,2,3,12,11,Yes,18,2,3
1234,2743,2,3,4,2,2,No,20,3,3
1235,4998,3,4,3,10,8,Yes,14,4,3
1237,10252,1,3,4,17,7,Yes,21,3,3
1238,2781,4,1,3,15,14,No,13,2,3
1239,6852,2,2,3,7,5,No,12,2,4
1240,4950,4,3,3,5,4,No,14,2,3
1241,3579,2,4,4,12,11,Yes,21,1,3
1242,13191,1,1,3,20,1,Yes,17,3,3
1243,10377,4,3,3,16,13,Yes,11,2,2
1244,2235,1,1,3,9,9,Yes,14,4,2
1245,10502,3,4,3,33,5,No,17,1,1
1246,2011,4,1,3,10,10,No,13,4,3
1248,1859,2,1,4,1,1,Yes,25,2,4
1249,3760,4,1,3,3,3,No,15,1,3
1250,17779,4,4,3,36,10,No,14,1,3
1251,6833,1,3,3,6,6,Yes,12,4,2
1252,6812,1,3,3,10,10,No,19,2,3
1254,5171,4,3,3,13,6,No,17,4,3
1255,19740,4,3,3,25,8,No,14,2,3
1256,18711,3,1,3,23,1,No,13,3,4
1257,3692,2,3,3,12,11,No,12,3,2
1258,2559,2,4,3,7,1,No,11,3,2
1259,2517,3,1,3,5,5,No,11,2,3
1260,6623,4,3,3,6,6,Yes,11,2,3
1263,18265,4,4,3,25,1,No,12,3,4
1264,16124,4,4,3,9,7,No,14,2,2
1265,2585,3,3,3,2,1,No,17,4,2
1267,18213,2,2,3,26,22,No,11,3,3
1268,8380,3,4,3,10,9,Yes,14,4,3
1269,2994,4,2,3,1,1,Yes,12,4,3
1270,1223,3,4,4,1,1,No,22,4,3
1273,1118,4,3,3,1,1,Yes,14,4,3
1275,2875,4,3,4,8,8,Yes,20,2,2
1277,18824,2,1,3,26,24,Yes,16,1,3
1278,13577,2,4,3,34,33,Yes,15,4,3
1279,2625,3,1,4,2,2,No,20,3,1
1280,18789,2,4,3,26,11,No,14,3,3
1281,4538,1,3,3,4,3,Yes,12,4,3
1282,19847,2,4,4,31,29,Yes,24,1,2
1283,10512,4,4,3,25,9,No,12,4,2
1285,4444,2,3,3,15,11,No,13,3,4
1286,2154,3,4,3,5,4,Yes,11,3,2
1288,19190,1,3,3,26,25,No,14,4,2
1289,4490,2,3,3,14,10,No,11,4,4
1291,3506,3,3,3,4,3,Yes,14,4,3
1292,2372,2,2,3,18,1,Yes,16,4,3
1293,10231,4,4,3,23,21,No,14,4,4
1294,5410,2,3,3,18,16,Yes,11,4,3
1295,7978,4,1,3,10,10,No,11,4,3
1296,3867,4,4,3,2,2,Yes,12,2,3
1297,2838,3,2,3,8,7,No,14,2,2
1298,4695,3,3,3,10,8,Yes,18,3,3
1299,3339,3,2,3,10,7,Yes,13,1,3
1301,2080,1,4,3,5,3,No,11,2,2
1303,2096,2,4,3,2,2,No,18,4,2
1304,6209,4,3,3,10,10,No,15,3,4
1306,18061,2,2,4,22,0,No,22,3,3
1307,17123,2,3,3,21,19,Yes,13,4,3
1308,2372,3,1,3,2,2,No,12,4,3
1309,4883,3,4,3,10,10,No,18,1,3
1310,3904,1,3,3,6,5,No,13,1,3
1311,4627,4,1,3,10,9,No,12,1,3
1312,7094,3,4,3,10,7,No,12,1,3
1314,3423,1,4,3,10,7,No,12,3,4
1315,6674,4,3,3,10,9,No,11,1,3
1317,16880,1,4,3,25,3,Yes,11,2,3
1318,9094,2,4,3,9,5,Yes,12,3,3
1319,8446,2,2,3,10,8,Yes,19,3,2
1321,11916,1,2,4,9,9,Yes,23,4,3
1322,4534,3,1,3,9,8,No,11,1,3
1324,9852,3,4,3,10,10,Yes,19,1,2
1329,6151,2,3,3,19,19,No,13,1,3
1331,2302,2,4,3,3,3,Yes,11,1,4
1333,2362,1,1,3,10,3,No,12,3,4
1334,17861,3,3,3,21,20,Yes,13,4,2
1336,19187,3,4,3,23,19,No,14,4,3
1338,19717,2,4,3,36,7,No,14,1,3
1340,3544,3,3,3,6,4,No,16,2,3
1344,8500,4,4,3,10,9,No,11,4,2
1346,4661,4,3,3,9,9,No,13,3,3
1349,4103,1,3,3,10,9,No,17,4,3
1350,4249,3,3,3,9,9,Yes,11,2,3
1352,14026,2,3,3,33,33,Yes,11,2,3
1355,6893,1,2,3,11,7,No,15,4,3
1356,6125,1,3,3,10,10,No,12,4,4
1358,3669,4,4,3,7,3,No,11,3,2
1360,10008,1,3,3,31,10,Yes,14,4,2
1361,2387,2,2,4,7,4,No,22,3,3
1362,4639,1,1,3,17,15,No,16,4,2
1363,7898,4,4,3,11,10,No,11,3,3
1364,2534,4,3,3,5,1,No,14,2,3
1367,13142,2,4,3,29,5,No,16,2,2
1368,1611,4,4,3,0,0,No,15,3,4
1369,5363,4,4,3,10,9,No,12,2,3
1371,5071,4,4,4,8,6,No,20,2,3
1372,13695,3,1,3,24,19,Yes,17,3,2
1373,13402,2,4,3,33,19,Yes,12,1,3
1374,2029,3,1,4,5,5,No,20,3,3
1375,6377,3,2,4,15,12,No,20,2,3
1377,5429,3,2,3,10,8,No,13,1,3
1379,2785,4,3,3,3,1,No,14,3,4
1380,4614,3,4,3,5,4,Yes,18,3,2
1382,2610,3,4,3,4,4,No,11,4,3
1383,6687,4,3,3,14,14,No,11,4,4
1387,4724,1,3,3,5,5,No,11,3,3
1389,6179,3,4,3,10,10,Yes,15,4,2
1390,6120,4,1,3,8,5,Yes,12,4,4
1391,10596,2,2,3,14,4,No,11,2,3
1392,5467,4,4,3,12,6,Yes,14,1,2
1394,2996,3,3,3,8,6,Yes,15,4,3
1395,9998,4,2,3,8,5,No,13,1,4
1396,4078,2,3,3,4,3,Yes,13,1,2
1397,10920,3,3,4,13,6,No,21,2,3
1399,6232,3,1,3,6,3,No,11,2,2
1401,13247,3,4,3,24,5,Yes,11,2,2
1402,4081,3,1,3,20,20,Yes,14,1,1
1403,5769,4,4,3,6,6,Yes,11,4,3
1405,2394,3,4,3,8,8,Yes,13,4,3
1407,3904,4,1,3,5,4,No,12,4,3
1408,16799,1,3,3,21,20,No,14,3,3
1409,2950,1,3,3,12,5,No,13,3,1
1411,3629,3,1,3,8,3,No,18,1,3
1412,9362,4,3,3,10,2,No,11,3,3
1415,3229,4,1,3,7,3,No,11,2,2
1417,3578,1,3,3,8,7,No,12,4,3
1419,7988,1,2,3,10,10,No,13,1,2
1420,4284,1,1,4,20,4,No,20,1,3
1421,7553,4,3,3,9,8,Yes,12,1,3
1422,17328,4,4,3,29,20,No,19,4,2
1423,19701,1,4,4,32,9,Yes,21,3,3
1424,14732,4,2,3,31,7,No,13,4,4
1425,9278,2,1,3,15,5,Yes,16,4,3
1427,1359,3,2,3,1,1,No,12,2,3
1428,4779,1,4,3,8,3,No,14,2,3
1430,16422,2,1,3,9,3,No,11,3,4
1431,2996,1,4,3,10,4,No,14,3,3
1433,1261,2,1,3,1,1,No,12,3,4
1434,2099,1,2,3,6,5,No,14,2,4
1435,5810,4,1,3,10,10,No,16,3,2
1436,5647,1,3,3,11,3,No,13,1,2
1438,3420,4,1,3,17,6,No,12,3,2
1439,4400,1,1,3,6,3,No,12,1,3
1440,3500,3,3,3,7,6,No,14,1,1
1441,2066,1,1,4,5,3,No,22,4,4
1443,17169,3,1,3,26,20,No,19,2,4
1445,4162,3,4,3,5,5,Yes,12,3,3
1446,9204,4,4,3,7,4,No,12,3,2
1447,3294,2,4,3,7,5,No,17,1,2
1448,2127,3,2,3,7,4,Yes,12,1,2
1449,3975,3,3,3,11,8,No,11,3,4
1453,10793,4,1,3,13,13,No,18,1,3
1457,10096,4,1,3,28,7,No,11,1,4
1458,3646,1,1,4,11,1,Yes,23,2,4
1459,7446,2,3,3,10,10,No,11,1,3
1460,10851,1,2,3,24,7,Yes,18,2,3
1461,2109,2,4,3,8,3,No,18,4,3
1464,3722,4,2,3,7,2,Yes,13,3,1
1465,9380,4,2,3,10,3,Yes,18,4,4
1466,5486,1,3,3,15,2,No,11,1,3
1467,2742,3,1,3,2,2,No,15,4,3
1468,13757,2,4,3,16,9,No,11,3,3
1469,8463,1,4,3,6,5,No,18,4,3
1471,3162,3,3,3,7,5,No,14,4,3
1472,16598,2,4,3,35,9,No,12,2,2
1473,6651,3,1,3,20,3,No,14,2,2
1474,2345,3,3,3,8,3,No,14,3,4
1475,3420,2,4,3,6,5,No,13,3,2
1477,4373,1,4,3,5,4,No,14,1,3
1478,4759,1,4,3,15,13,No,18,4,3
1479,5301,3,4,3,4,2,No,15,3,2
1480,3673,4,1,3,12,12,No,13,3,3
1481,4768,3,1,3,11,1,No,12,3,2
1482,1274,3,3,3,1,1,No,13,2,2
1483,4900,3,2,4,13,12,No,24,1,2
1484,10466,2,3,3,29,8,No,14,2,3
1485,17007,1,2,3,16,14,No,14,4,2
1486,2909,3,1,3,5,3,No,15,4,4
1487,5765,2,1,3,7,5,No,11,1,1
1489,4599,2,1,4,16,15,Yes,23,3,4
1492,2404,3,4,3,1,1,No,13,1,3
1494,3172,1,2,3,4,0,Yes,11,3,2
1495,2033,2,4,3,1,1,No,13,3,3
1496,10209,3,2,3,16,2,Yes,18,2,2
1497,8620,3,3,3,10,10,No,14,3,3
1499,2064,3,3,4,6,5,No,21,1,4
1501,4035,3,4,3,4,3,Yes,16,2,3
1502,3838,2,1,3,8,5,No,11,4,3
1503,4591,3,3,3,11,5,Yes,17,3,2
1504,2561,1,3,3,8,0,No,11,3,2
1506,1563,3,1,3,1,1,No,14,4,1
1507,4898,1,3,3,5,4,No,14,4,3
1509,4789,1,3,4,10,3,No,25,1,3
1513,3180,2,4,3,4,3,No,13,3,3
1514,6549,2,3,3,8,8,No,14,2,2
1515,6388,3,4,3,14,0,Yes,17,1,3
1516,11244,4,3,4,10,5,No,25,2,4
1520,16032,4,2,4,26,14,No,20,1,3
1522,2362,1,1,3,11,9,No,13,3,1
1523,16328,1,4,3,24,20,No,13,3,4
1525,8376,2,2,3,9,2,No,18,4,3
1527,16606,2,3,3,23,13,No,12,4,4
1529,8606,2,4,3,11,11,No,19,4,1
1533,2272,3,1,3,5,4,No,14,2,3
1534,2018,1,4,3,15,5,No,14,2,1
1535,7083,3,4,3,10,10,Yes,14,4,3
1537,4084,3,4,3,7,7,No,12,1,1
1539,14411,4,3,3,32,32,Yes,13,4,3
1541,2308,3,2,4,12,11,Yes,25,2,3
1542,4841,2,3,3,4,1,No,14,2,3
1543,4285,4,1,3,10,10,No,17,1,3
1544,9715,1,3,3,9,7,No,13,3,3
1545,4320,2,4,3,5,5,No,13,4,3
1546,2132,4,4,4,8,5,No,20,4,3
1547,10124,4,4,3,24,20,Yes,14,3,1
1548,5473,1,1,3,9,8,No,12,4,4
1549,5207,3,2,3,15,15,Yes,12,2,3
1550,16437,4,3,4,21,21,Yes,21,4,3
1551,2296,1,3,3,2,1,No,14,2,3
1552,4069,4,4,3,8,2,Yes,18,3,3
1553,7441,2,1,3,10,10,No,12,1,3
1554,2430,3,2,4,6,5,No,23,1,3
1555,5878,2,4,3,12,7,No,12,1,3
1556,2644,4,3,4,7,3,Yes,21,4,2
1557,6439,3,3,3,18,8,No,14,3,3
1558,2451,3,3,3,5,1,No,18,1,2
1560,6392,1,1,3,8,2,No,13,4,1
1562,9714,1,2,3,10,10,No,11,4,3
1563,6077,3,3,3,10,6,No,11,3,3
1564,2450,1,4,3,3,3,No,19,2,3
1568,9250,2,3,3,9,4,No,12,2,3
1569,2074,1,1,3,1,1,Yes,12,4,3
1572,10169,4,3,3,34,33,No,16,2,3
1573,4855,2,3,3,7,5,No,11,1,3
1574,4087,1,4,3,9,6,No,14,2,2
1576,2367,1,3,3,10,8,No,12,4,2
1577,2972,4,1,3,1,1,No,13,3,1
1578,19586,4,3,4,36,36,No,21,3,3
1580,5484,4,2,3,9,2,No,17,2,2
1581,2061,4,1,4,1,1,No,21,1,3
1582,9924,2,3,3,10,9,No,11,4,3
1583,4198,2,2,3,8,3,No,12,2,4
1585,6815,3,2,3,15,1,No,13,1,3
1586,4723,1,2,3,10,10,Yes,18,4,3
1587,6142,3,1,3,10,5,Yes,16,3,3
1588,8237,3,4,3,11,7,No,11,1,3
1590,8853,4,1,3,6,6,No,19,4,4
1591,19331,3,3,3,27,1,Yes,16,3,3
1592,2073,3,4,3,4,2,No,16,4,3
1594,5562,1,1,3,9,3,Yes,13,4,3
1595,19613,4,4,4,24,1,No,22,4,3
1596,3407,3,2,3,10,10,No,17,4,2
1597,5063,3,4,3,8,8,No,14,2,2
1598,4639,1,4,3,5,5,No,15,3,3
1599,4876,2,4,3,8,6,No,12,3,3
1601,2690,4,3,3,1,1,No,18,4,2
1602,17567,1,4,3,27,26,No,15,2,1
1604,2408,2,3,3,1,1,Yes,17,3,3
1605,2814,3,2,3,4,4,Yes,14,2,2
1606,11245,3,2,3,32,30,Yes,15,3,3
1607,3312,4,2,3,6,3,No,17,4,3
1608,19049,4,2,3,23,22,Yes,14,4,2
1609,2141,2,2,3,6,6,No,12,2,2
1611,5769,1,3,3,10,10,Yes,14,1,3
1612,4385,1,1,3,10,10,No,15,1,3
1613,5332,1,4,3,10,5,No,13,4,3
1614,4663,3,3,3,7,3,Yes,12,2,3
1615,4724,4,3,3,9,9,No,13,1,3
1617,3211,1,3,3,10,9,No,14,4,2
1618,5377,1,2,3,10,7,No,13,4,3
1619,4066,1,4,3,7,7,No,11,1,3
1621,5208,1,2,3,16,16,No,11,4,3
1622,4877,1,2,4,6,5,No,21,2,2
1623,3117,4,3,3,3,2,No,18,3,3
1624,1569,4,2,3,0,0,Yes,12,3,4
1625,19658,3,4,3,27,5,No,11,3,3
1627,3069,3,3,3,11,10,No,15,4,3
1628,10435,3,1,3,18,18,No,13,4,3
1630,4148,3,3,3,15,14,No,12,4,3
1631,5768,3,3,3,9,4,No,17,1,2
1633,5042,3,1,3,10,9,No,13,4,1
1635,5770,4,4,3,10,10,No,19,1,3
1638,7756,3,4,3,10,5,Yes,19,4,4
1639,10306,1,4,3,15,13,No,17,3,3
1640,3936,2,2,3,8,8,No,11,1,1
1641,7945,4,3,3,18,4,Yes,15,4,2
1642,5743,4,1,3,14,10,Yes,11,3,3
1644,15202,4,3,4,23,2,No,25,2,3
1645,5440,4,1,3,7,2,Yes,14,4,2
1646,3760,4,1,3,6,6,Yes,13,3,3
1647,3517,3,2,3,5,3,No,17,1,3
1648,2580,4,4,3,6,4,No,13,3,2
1649,2166,1,1,3,10,4,Yes,14,2,1
1650,5869,3,3,3,8,5,No,11,3,3
1651,8008,1,2,3,9,3,No,12,3,3
1653,5206,3,4,3,7,7,No,17,3,3
1654,5295,2,4,4,7,5,No,21,3,3
1655,16413,2,1,3,27,4,No,16,2,3
1656,13269,1,4,3,19,14,No,15,3,3
1657,2783,3,3,3,2,2,No,19,1,3
1658,5433,2,4,3,11,11,No,12,3,3
1659,2013,2,1,3,15,4,No,11,3,3
1661,13966,3,3,3,30,15,Yes,19,2,3
1662,4374,3,4,3,4,3,No,15,3,3
1664,6842,1,4,4,13,5,No,20,1,3
1665,17426,3,2,4,36,10,No,25,3,3
1666,17603,3,3,4,14,14,No,24,1,3
1667,4581,4,4,4,13,11,Yes,24,1,4
1668,4735,4,4,3,19,13,No,15,4,4
1669,4187,2,1,3,10,10,Yes,13,2,2
1670,5505,4,4,3,6,6,No,14,3,3
1671,5470,2,4,3,10,9,No,13,3,2
1673,5476,4,1,3,10,10,No,11,1,3
1674,2587,1,4,3,17,2,Yes,16,2,2
1675,2440,2,4,4,4,4,No,22,2,3
1676,15972,2,2,3,29,3,No,14,3,3
1677,15379,3,3,3,23,8,No,14,1,3
1678,7082,3,4,3,21,2,Yes,16,4,3
1680,2728,1,4,3,2,2,No,11,1,3
1681,5368,4,3,4,7,6,Yes,25,3,3
1682,5347,3,1,3,10,3,No,14,2,2
1683,3195,4,3,3,8,2,Yes,18,1,3
1684,3989,3,4,3,5,5,Yes,11,1,3
1687,3306,3,4,3,7,0,No,19,4,2
1689,7005,4,2,3,11,4,No,15,3,3
1691,2655,3,4,3,19,9,Yes,11,3,3
1692,1393,2,4,3,1,1,No,12,1,3
1693,2570,4,4,4,7,7,No,20,3,3
1694,3537,2,1,3,8,4,No,12,4,3
1696,3986,4,2,3,15,15,No,14,3,4
1697,10883,4,3,4,19,1,No,20,3,4
1698,2028,2,2,3,14,14,No,18,4,3
1700,9525,4,3,3,6,6,No,14,3,2
1701,2929,4,2,3,10,10,No,12,2,3
1702,2275,4,3,4,3,3,Yes,21,2,3
1703,7879,4,3,3,9,8,Yes,19,2,3
1704,4930,4,1,3,6,5,Yes,14,3,4
1706,7847,4,4,3,10,10,Yes,17,1,3
1707,4401,3,3,3,5,5,No,16,4,3
1708,9241,3,4,3,10,10,No,12,2,3
1709,2974,3,4,3,9,5,No,17,3,3
1710,4502,4,3,3,17,13,No,15,3,2
1712,10748,3,3,4,25,23,No,23,4,2
1714,1555,3,4,3,1,1,No,11,3,3
1716,12936,3,3,3,25,23,No,11,3,1
1718,2305,3,4,3,3,3,No,15,3,4
1719,16704,2,4,3,21,21,No,11,3,3
1720,3433,3,1,3,10,5,No,13,1,2
1721,3477,3,2,3,6,5,No,14,4,4
1722,6430,2,3,3,10,3,No,19,2,3
1724,6516,1,2,3,18,1,Yes,16,2,3
1725,3907,1,2,3,6,6,No,13,2,4
1727,5562,2,3,3,19,10,No,14,4,3
1728,6883,3,4,3,17,7,No,16,2,3
1729,2862,4,2,3,10,10,No,12,2,2
1731,4978,2,3,3,4,1,No,11,4,1
1732,10368,4,3,3,13,10,Yes,12,2,2
1733,6134,1,2,3,16,2,Yes,13,2,3
1734,6735,2,1,3,10,0,No,15,2,3
1735,3295,2,3,3,3,3,No,13,3,1
1736,5238,4,4,4,9,5,No,20,4,2
1737,6472,4,4,3,9,9,Yes,15,4,3
1739,9610,3,4,3,10,4,No,13,3,1
1740,19833,2,2,3,21,21,No,14,2,2
1744,9756,3,3,4,9,5,No,21,3,4
1745,4968,1,4,3,10,9,No,16,4,3
1746,2145,4,1,3,3,2,No,14,4,3
1747,2180,4,3,3,6,4,No,11,3,2
1749,8346,3,1,3,6,5,No,19,3,3
1751,3445,4,3,3,6,6,No,11,3,2
1752,2760,2,2,3,2,2,No,13,3,3
1753,6294,3,4,3,10,3,Yes,12,4,4
1754,7140,1,3,3,12,7,No,11,1,3
1755,2932,4,4,3,6,5,Yes,14,1,3
1756,5147,2,4,3,13,11,No,15,4,2
1757,4507,4,4,3,8,5,No,12,3,4
1758,8564,1,1,4,11,0,Yes,20,3,2
1760,2468,2,3,3,9,6,No,14,2,2
1761,8161,3,1,3,10,1,No,13,1,3
1762,2109,1,4,3,1,1,No,13,3,3
1763,5294,3,3,3,10,7,No,16,3,3
1764,2718,2,2,3,12,7,No,14,2,3
1766,5811,4,2,3,15,1,Yes,16,3,3
1767,2437,3,3,3,6,1,Yes,16,4,3
1768,2766,2,2,4,7,5,No,22,2,2
1770,19038,1,3,3,34,1,No,12,2,3
1771,3055,2,4,3,11,9,No,15,4,2
1772,2289,1,3,4,5,5,No,20,2,3
1774,4001,3,4,3,15,15,Yes,14,3,3
1775,12965,3,1,4,27,3,Yes,20,4,2
1778,3539,4,2,3,10,9,No,13,2,3
1779,6029,4,4,3,6,2,No,12,1,3
1780,2679,2,2,3,1,1,No,13,2,3
1782,3702,3,4,3,5,5,No,11,2,3
1783,2398,1,3,3,1,1,Yes,17,3,3
1784,5468,4,1,3,13,12,No,14,1,3
1786,13116,3,1,3,15,2,No,11,4,3
1787,4189,2,2,3,5,5,No,14,1,3
1789,19328,4,3,3,24,2,Yes,17,3,3
1790,8321,1,4,3,15,12,Yes,13,4,3
1792,2342,2,3,3,6,5,Yes,12,3,2
1794,4071,2,3,3,19,10,No,13,3,2
1797,5813,4,3,3,10,10,Yes,18,4,3
1798,3143,1,4,3,14,10,No,19,2,3
1799,2044,4,3,3,5,5,No,11,3,4
1800,13464,3,3,4,9,4,No,21,3,3
1801,7991,2,2,3,6,2,No,15,3,3
1802,3377,1,3,3,7,4,No,17,4,2
1803,5538,1,2,3,10,0,No,18,3,2
1804,5762,4,2,3,15,7,No,14,3,3
1805,2592,2,1,3,13,11,No,13,4,3
1807,5346,1,4,3,11,7,No,17,3,2
1809,4213,1,4,3,10,10,No,15,2,1
1812,4127,4,3,3,7,2,No,18,4,3
1813,2438,3,1,3,7,3,No,13,3,2
1814,6870,2,2,3,11,3,No,12,1,1
1815,10447,3,3,3,23,22,Yes,13,4,4
1816,9667,3,1,3,9,7,No,14,2,3
1818,2148,2,4,3,6,5,Yes,11,3,3
1821,8926,2,4,4,13,9,No,22,4,4
1822,6513,4,3,3,12,5,No,17,4,3
1823,6799,3,2,4,10,10,No,21,3,3
1824,16291,2,2,4,37,16,No,22,4,2
1826,2705,3,2,3,6,5,No,16,2,4
1827,10333,2,3,3,28,22,Yes,12,3,3
1829,4448,1,2,3,15,7,No,12,2,3
1830,6854,4,4,3,14,7,No,15,2,2
1833,9637,1,1,3,9,3,No,14,4,3
1834,3591,1,3,4,3,3,No,25,3,3
1835,5405,4,2,4,20,4,Yes,20,1,2
1836,4684,4,3,3,5,5,No,13,1,3
1837,15787,3,1,3,23,2,Yes,14,2,3
1839,1514,3,2,3,0,0,No,16,3,1
1842,2956,1,4,3,2,1,No,17,3,3
1844,2335,1,1,3,4,2,Yes,15,4,3
1845,5154,3,3,4,10,8,No,22,2,4
1847,6962,2,4,4,15,1,Yes,22,4,3
1849,5675,4,1,4,7,7,No,20,3,3
1850,2379,4,4,3,6,5,Yes,14,3,2
1852,3812,4,4,3,11,11,No,13,2,4
1853,4648,4,4,3,4,0,No,13,3,4
1854,2936,3,3,4,10,6,No,22,2,2
1856,2105,3,2,3,7,2,No,12,3,3
1857,8578,4,4,3,12,9,No,14,3,2
1858,2706,4,3,3,3,3,No,15,2,3
1859,6384,3,4,3,11,7,No,17,4,3
1860,3968,3,4,3,8,0,No,13,4,3
1862,9907,2,3,3,7,2,Yes,12,3,2
1863,13225,1,1,3,25,19,No,12,4,3
1864,3540,3,2,4,9,9,No,21,4,3
1865,2804,2,4,3,1,1,No,11,4,3
1866,19392,3,1,3,21,16,No,13,4,3
1867,19665,2,4,3,29,22,No,12,4,3
1868,2439,4,4,4,1,1,Yes,24,2,2
1869,7314,2,3,4,14,8,No,21,3,3
1870,4774,1,4,3,8,7,No,19,4,2
1871,3902,4,4,3,7,2,No,14,2,3
1873,2662,4,2,4,19,5,No,20,2,4
1875,2856,2,2,3,1,1,No,19,4,3
1876,1081,4,2,3,1,1,No,13,3,2
1878,2472,2,4,4,1,1,Yes,23,1,3
1880,5673,3,2,3,10,10,Yes,13,1,3
1881,4197,3,2,3,10,10,No,11,1,3
1882,9713,4,3,3,9,5,Yes,13,4,3
1883,2062,1,4,3,11,3,No,14,2,3
1885,4284,1,4,4,16,5,Yes,22,3,3
1886,4788,2,4,3,4,3,Yes,11,4,3
1888,5906,4,2,3,10,9,No,13,4,2
1890,3886,4,2,4,10,10,No,21,4,2
1892,16823,1,1,3,22,19,No,11,1,3
1893,2933,3,2,3,1,1,Yes,13,3,2
1898,6500,3,1,3,9,8,No,14,2,2
1900,17174,4,4,3,24,22,No,11,2,3
1903,5033,1,2,3,10,2,No,15,4,3
1905,2307,1,4,4,5,5,Yes,23,2,3
1907,2587,4,1,3,5,4,No,16,4,3
1908,5507,2,3,3,12,4,No,16,3,1
1909,4393,2,3,4,14,5,No,21,3,3
1911,13348,1,3,3,18,13,No,13,2,4
1912,6583,4,3,3,8,5,Yes,11,4,3
1915,8103,4,4,3,9,4,Yes,12,3,2
1916,3978,3,1,3,4,2,No,12,2,2
1918,2544,4,3,3,8,7,No,18,1,3
1922,5399,3,2,3,12,4,No,12,3,3
1924,5487,3,2,3,10,10,No,14,2,2
1927,6834,4,3,3,7,7,Yes,12,3,3
1928,1091,1,3,3,1,1,No,17,4,3
1929,5736,3,1,3,10,3,No,19,3,3
1931,2226,2,2,3,6,5,No,11,3,2
1932,5747,4,3,3,16,15,Yes,15,2,3
1933,9854,3,4,3,6,2,Yes,11,4,3
1934,5467,2,3,3,16,8,No,18,3,4
1935,5380,1,4,3,6,0,No,16,3,3
1936,5151,1,1,4,10,10,No,25,4,3
1937,2133,2,4,3,20,20,Yes,16,3,3
1938,17875,4,4,3,29,1,Yes,13,3,2
1939,2432,3,1,3,8,4,Yes,14,1,3
1940,4771,4,2,3,10,5,No,19,4,4
1941,19161,4,2,3,28,5,No,15,4,3
1943,5087,4,2,3,14,0,Yes,12,3,3
1944,2863,2,1,3,1,1,No,12,1,3
1945,5561,1,2,3,6,5,No,16,4,1
1947,2144,3,3,3,5,5,No,14,3,2
1948,3065,1,3,3,4,4,Yes,13,4,4
1949,2810,2,1,4,5,5,No,22,2,3
1950,9888,4,1,4,14,14,No,21,1,2
1951,8628,3,4,3,9,8,No,18,3,2
1952,2867,1,3,3,8,7,No,13,4,2
1954,5373,1,1,3,6,5,No,12,1,2
1955,6667,4,3,3,9,5,No,18,2,3
1956,5003,1,4,4,10,10,No,21,2,3
1960,2367,4,3,3,6,4,No,12,1,2
1961,2858,1,1,3,20,1,No,14,1,2
1962,5204,4,3,3,10,10,Yes,11,4,3
1965,4105,4,4,3,7,7,No,14,1,3
1966,9679,4,4,4,8,1,No,24,2,3
1967,5617,4,1,3,10,10,Yes,11,3,3
1968,10448,1,1,3,15,2,Yes,13,2,2
1969,2897,3,1,3,9,4,No,11,3,2
1970,5968,3,4,4,9,9,No,20,3,3
1971,7510,3,1,3,10,10,No,17,2,3
1972,2991,2,4,3,7,6,Yes,11,2,3
1973,19636,2,3,3,35,10,Yes,18,1,3
1974,1129,4,4,3,1,1,Yes,11,3,3
1975,13341,1,2,3,21,20,No,12,1,3
1976,4332,3,4,3,20,20,No,12,4,3
1979,11031,3,3,4,13,11,No,20,3,4
1980,4440,1,3,3,9,5,Yes,19,4,3
1981,4617,3,2,3,4,4,No,12,2,2
1982,2647,4,4,3,5,5,No,13,3,4
1985,6323,3,4,3,10,10,No,11,1,4
1986,5677,2,2,3,15,11,No,14,3,3
1987,2187,2,3,3,6,2,No,14,3,3
1989,3748,2,4,3,12,12,No,13,3,2
1992,3977,3,4,3,7,2,Yes,19,3,2
1993,8633,3,1,4,25,17,No,23,2,3
1994,2008,3,2,3,1,1,No,12,3,2
1995,4440,2,4,3,16,15,No,15,1,3
1996,3067,3,1,3,3,2,No,19,3,3
1997,5321,3,1,3,10,8,No,11,4,3
1998,5410,1,4,3,9,4,Yes,17,3,2
1999,2782,4,4,4,12,5,No,22,1,3
2000,11957,2,3,3,14,13,No,18,1,1
2003,2660,3,4,3,5,2,Yes,11,3,3
2007,3375,3,4,3,4,3,No,12,4,4
2008,5098,3,2,3,10,10,No,19,2,3
2009,4878,4,2,3,10,9,Yes,13,1,3
2010,2837,2,3,3,6,6,No,13,3,3
2012,2406,4,1,3,8,1,No,19,3,2
2013,2269,2,2,3,3,2,No,14,2,3
2014,4108,4,1,3,18,7,No,13,1,3
2015,13206,3,2,3,20,18,No,12,1,3
2016,10422,4,3,3,14,14,No,19,3,3
2017,13744,4,3,4,16,16,Yes,25,1,3
2018,4907,3,1,4,6,5,Yes,22,2,2
2019,3482,4,1,3,16,9,No,15,2,2
2020,2436,4,2,3,6,4,Yes,12,3,3
2021,2380,1,3,3,2,2,Yes,11,4,3
2022,19431,4,4,3,21,6,No,13,3,2
2023,1790,1,4,3,1,1,No,19,1,2
2024,7644,4,1,3,10,9,No,19,3,3
2025,5131,2,4,3,18,4,No,13,2,3
2026,6306,3,3,4,13,13,No,21,1,2
2027,4787,4,1,3,4,2,Yes,14,2,4
2031,18880,3,1,3,24,22,No,11,1,2
2032,2339,3,4,3,14,10,No,11,4,1
2034,13570,2,1,4,21,20,No,23,3,3
2035,6712,3,4,4,8,8,No,21,4,3
2036,5406,4,4,4,15,15,No,24,1,2
2037,8938,2,3,3,14,5,No,11,3,3
2038,2439,1,4,3,4,4,No,14,4,3
2040,8837,4,3,3,9,9,Yes,16,3,3
2041,5343,4,1,3,10,10,No,11,3,3
2044,6728,3,2,3,12,6,No,12,4,3
2045,6652,4,2,3,8,6,No,13,1,2
2046,4850,3,4,3,8,5,No,15,3,3
2048,2809,3,3,3,8,2,No,14,4,3
2049,5689,3,3,3,10,10,Yes,14,4,4
2051,2001,3,3,3,20,5,No,14,2,3
2052,2977,4,3,3,4,4,No,12,4,3
2053,4025,2,4,3,10,4,Yes,13,1,3
2054,3785,1,4,3,5,5,No,14,2,1
2055,10854,1,4,3,20,3,Yes,13,2,3
2056,12031,4,2,3,21,20,No,11,1,2
2057,9936,1,2,3,10,9,No,19,2,3
2060,2966,3,4,3,5,4,No,18,4,3
2061,2571,4,3,3,17,5,No,17,3,3
2062,9991,1,4,3,9,7,No,15,1,3
2064,6142,2,2,4,6,6,Yes,20,2,3
2065,5390,2,4,3,17,9,No,14,4,2
2068,4404,3,2,3,6,4,No,12,1,4
